{"state_code":["13","15","21","22","23","24","25","26","27","28","29","30","31","32","33","35","41","42","43","51","52"],"state_name":["Amazonas","Para","Maranhao","Piauhy","Ceara","Rio Grande do Norte","Parahyba","Pernambuco","Alagoas","Sergipe","Bahia","Municipio Neutro","Minas Geraes","Espirito Santo","Rio de Janeiro","Sao Paulo","Parana","Santa Catharina","Rio Grande do Sul","Matto Grosso","Goyaz"],"mfg_share_1920":[0.04596,0.058468,0.063255,0.087207,0.054166,0.043834,0.028214,0.055708,0.051416,0.08525,0.072637,0.196255,0.046479,0.034181,0.064704,0.086761,0.050471,0.048205,0.068955,0.066425,0.061558],"agr_share_1920":[0.456907,0.412543,0.404661,0.373233,0.3771,0.377151,0.39988,0.376852,0.391894,0.369731,0.399058,0.038977,0.399171,0.528078,0.378922,0.33396,0.409311,0.454245,0.336663,0.374158,0.409828],"non_agr_share_1920":[0.543093,0.587457,0.595339,0.626767,0.6229,0.622849,0.60012,0.623148,0.608106,0.630269,0.600942,0.961023,0.600829,0.471922,0.621078,0.66604,0.590689,0.545755,0.663337,0.625842,0.590172],"mfg_agr_ratio_1920":[0.100589,0.141727,0.156316,0.233653,0.143637,0.116223,0.070557,0.147824,0.131199,0.230574,0.182022,5.035123,0.116438,0.064727,0.170757,0.259794,0.123308,0.106121,0.204819,0.177533,0.150204],"literacy_rate_1920":[0.266033,0.292526,0.158327,0.119773,0.186447,0.179499,0.132088,0.178451,0.147673,0.166927,0.18398,0.618903,0.206625,0.235997,0.247148,0.298243,0.28175,0.295182,0.388573,0.291117,0.153403],"mfg_percapita_1920":[0.027194,0.034535,0.037264,0.04779,0.031035,0.025329,0.015933,0.03263,0.029373,0.050662,0.041695,0.134539,0.025483,0.018853,0.037376,0.049929,0.028175,0.026598,0.03882,0.038778,0.034912],"mfg_share_change_pp":[-0.042129,0.007214,0.001395,0.029451,-0.003151,-0.007186,-0.001597,0.02487,0.010096,0.040139,0.026204,0.098009,-0.030291,-0.015933,0.037893,0.030141,0.026969,0.005383,0.014517,0.029418,-0.0707],"mfg_share_log_ratio":[-0.65058,0.131678,0.022304,0.412059,-0.056541,-0.151807,-0.055047,0.591378,0.218603,0.636461,0.447457,0.691939,-0.501819,-0.382637,0.881021,0.426792,0.764316,0.118417,0.2364,0.584954,-0.764778],"mfg_share_cagr":[-0.013462,0.002747,0.000465,0.008622,-0.001177,-0.003158,-0.001146,0.012397,0.004565,0.013348,0.009366,0.01452,-0.0104,-0.00794,0.018524,0.008931,0.016051,0.00247,0.004937,0.012261,-0.015807],"mfg_share_logit_change":[-0.695743,0.139311,0.023793,0.443815,-0.059878,-0.159351,-0.056692,0.617374,0.22919,0.679406,0.475321,0.806999,-0.534102,-0.399272,0.920736,0.459264,0.792322,0.124057,0.251872,0.615978,-0.843104],"non_agr_share_change_pp":[-0.077596,0.212025,0.17206,0.023961,0.116309,0.09985,0.202734,0.238315,0.10463,0.248703,0.160128,0.069663,-0.024154,0.042347,0.079007,0.265713,0.177269,0.110307,0.057765,0.175558,0.139325],"mfg_agr_ratio_change":[-0.131645,0.059663,0.049055,0.088243,0.027473,0.009264,0.021087,0.097695,0.04798,0.15763,0.098984,4.130797,-0.088272,-0.023127,0.112209,0.165376,0.083242,0.03027,0.066802,0.110212,-0.090636],"structural_change_index":[0.155191,0.424049,0.34412,0.058902,0.238919,0.214071,0.408662,0.47663,0.209259,0.497407,0.320256,0.196018,0.060582,0.116561,0.158014,0.531425,0.354538,0.220615,0.115529,0.351115,0.42005],"agr_exit_share":[-0.077596,0.212025,0.17206,0.023961,0.116309,0.09985,0.202734,0.238315,0.10463,0.248703,0.160128,0.069663,-0.024154,0.042347,0.079007,0.265713,0.177269,0.110307,0.057765,0.175558,0.139325],"serv_share_change_pp":[-0.035467,0.204811,0.170665,-0.00549,0.11946,0.107036,0.204331,0.213445,0.094533,0.208564,0.133924,-0.028346,0.006137,0.05828,0.041114,0.235572,0.1503,0.104924,0.043247,0.14614,0.210025],"literacy_rate_change_pp":[0.133885,0.070271,-0.032858,-0.017581,0.07614,0.009274,0.022386,0.003199,0.027237,0.001621,0.003396,0.257102,0.096471,0.1175,0.100599,0.129651,0.030617,0.157687,0.169162,0.11034,0.012108],"pop_growth_rate":[0.038358,0.026917,0.018542,0.022968,0.012567,0.017313,0.019539,0.019588,0.021543,0.020746,0.018386,0.029766,0.022086,0.035771,0.01436,0.035456,0.035176,0.029822,0.033608,0.029303,0.024178],"enslaved_share_1872":[0.016994,0.10126,0.20872,0.117668,0.04422,0.055646,0.057216,0.105792,0.102701,0.128363,0.121645,0.177978,0.181621,0.275868,0.37387,0.187032,0.083332,0.093766,0.155908,0.11035,0.066411],"enslaved_mfg_share_1872":[0.013984,0.125143,0.195808,0.092441,0.024717,0.04213,0.043503,0.090455,0.07356,0.126573,0.096504,0.113592,0.089952,0.21584,0.193979,0.172049,0.13601,0.100362,0.098119,0.078509,0.043584],"enslaved_agr_share_1872":[0.016917,0.120142,0.283511,0.141128,0.038269,0.041133,0.063187,0.146224,0.127993,0.16458,0.178293,0.325646,0.237129,0.405234,0.41806,0.265453,0.076027,0.112815,0.165783,0.209172,0.083033],"mfg_share_1872":[0.088089,0.051255,0.06186,0.057756,0.057316,0.05102,0.029811,0.030838,0.04132,0.045111,0.046434,0.098246,0.07677,0.050114,0.026811,0.05662,0.023502,0.042822,0.054438,0.037008,0.132258],"literacy_rate_1872":[0.132147,0.222255,0.191185,0.137354,0.110307,0.170225,0.109703,0.175253,0.120437,0.165306,0.180584,0.3618,0.110154,0.118497,0.146548,0.168592,0.251132,0.137495,0.219412,0.180777,0.141295],"agr_share_1872":[0.379311,0.624567,0.576721,0.397194,0.493409,0.477001,0.602615,0.615167,0.496524,0.618434,0.559187,0.10864,0.375017,0.570425,0.457929,0.599673,0.58658,0.564553,0.394428,0.549715,0.549153],"serv_share_1872":[0.5326,0.324178,0.36142,0.54505,0.449275,0.47198,0.367574,0.353995,0.462156,0.336454,0.39438,0.793114,0.548213,0.379461,0.51526,0.343707,0.389918,0.392626,0.551135,0.413277,0.318589],"serv_share_1920":[0.497133,0.528989,0.532085,0.53956,0.568734,0.579015,0.571906,0.56744,0.556689,0.545018,0.528304,0.764768,0.55435,0.437741,0.556374,0.579279,0.540218,0.49755,0.594382,0.559417,0.528614]}
